plik,rodzaj,bajty,kontrola,sha256
.gitattributes,zasób lub konfiguracja,1299,format / odwołania,6b74e434d11c01b7b6eeb5b3f6f8788e419c3c89e83a1b91d0ddbbb8b3433594
.github/workflows/tests.yml,test,1710,AST / importy,d1464cc0d0993f517206937344f8eb09762d2fa5f7bbeb70ea691e27bae5cba5
.gitignore,zasób lub konfiguracja,467,format / odwołania,9580b461fadc365d8f971b195988cc5f701955dcb748f52a97bb0301393066ef
.python-version,zasób lub konfiguracja,4,format / odwołania,33307da56af13f791584518fef2e49641180bfbf2ef7b2d256c9ab6fad564f80
MAPA_PROJEKTU.md,dokumentacja,28844,format / odwołania,ea03ef1cf8730395780c99a54ae6f7db3f7849934fe3e69e87be536d11ca3712
PLIKI.json,zasób lub konfiguracja,12147,format / odwołania,50a84d003b4d535ebe79c22c800d242902e483a769f15bd8e250f581bf35e8b2
POPRAWKA_PRZYPISAN_20261002.txt,dokumentacja,9294,format / odwołania,e16ebac56d0bf0c328ce73825708f70213a99dc1747648f422fe9659577608c7
WDROZENIE.txt,dokumentacja,3217,format / odwołania,c8612d9e4e27b1307c6a16327016a2e0633e72f9cc4aade1f788d1eb9875d485
ZMIANY.txt,dokumentacja,4292,format / odwołania,57db327d0e1e5059c9c57a5a2cb39c85de1fbedac962b73b637d89949963622a
authors/__init__.py,kod,0,AST / importy / odwołania,e3b0c44298fc1c149afbf4c8996fb92427ae41e4649b934ca495991b7852b855
authors/admin.py,kod,13347,AST / importy / odwołania,abbec1aac685a8c01d52e48a8a02cda24fb7b41d35d8ab7dd192817075f5a22c
authors/apps.py,kod,118,AST / importy / odwołania,f71ed6df5b37ebd825cba0925a2cc12e77a228f5e33d1fce36161ecb04a2f534
authors/migrations/0001_initial.py,migracja,4835,AST / zależności migracji,0414dacf2869e776ad2695e7b478f959ab159bcfd9bd6df893ef9b895981fdb1
authors/migrations/0002_blacklistedauthor.py,migracja,549,AST / zależności migracji,ca979b2408025cf63512e8ed08e9fadbf82b86d8b7431d9619c1b70cf59361ff
authors/migrations/0003_alter_author_email.py,migracja,440,AST / zależności migracji,4f84a87a749584ab0d78ea0fa703a892038b6d0ad844f1be536624e5d84a706d
authors/migrations/0004_author_phone_number.py,migracja,434,AST / zależności migracji,34ce19fe73cc9cedf8956bc83eee77f1c723913787471e44e6397741ad91950c
authors/migrations/0005_optional_note_independent_blacklist.py,migracja,1391,AST / zależności migracji,8b4f139bc207110817b0f519ec18bc2529dfad77930ed13bf8f9c722c11c6336
authors/migrations/0006_alter_blacklistentry_options.py,migracja,497,AST / zależności migracji,47b0a7078e4a2c61511210375656b4206224d8df82877fd9d69e9e83264b6fcd
authors/migrations/__init__.py,migracja,0,AST / zależności migracji,e3b0c44298fc1c149afbf4c8996fb92427ae41e4649b934ca495991b7852b855
authors/models.py,kod,4275,AST / importy / odwołania,d3fe3eb3288ff7d9adb172a8086b38bcfd96144f816df0d02064d0c2b8b383e9
core/__init__.py,kod,0,AST / importy / odwołania,e3b0c44298fc1c149afbf4c8996fb92427ae41e4649b934ca495991b7852b855
core/account_identity.py,kod,794,AST / importy / odwołania,59eb7c58dbef996bde9d1c50cedbefdd5d239e643b79da2d9c56fccedc6b7e41
core/activity.py,kod,7498,AST / importy / odwołania,446f6ea0b8c45cb59ccc08f6352d92573e479589f399c16ceb71d3860d5348d6
core/activity_spool.py,kod,1091,AST / importy / odwołania,24900db60a615a47de4459e55a9f6459d52be53be94f662612ff5b9de4adaa5a
core/admin.py,kod,14236,AST / importy / odwołania,65b1cbed77ba323e8327c0791c95efa61f64eb201e1f558e902e61fcfd073c4b
core/admin_access.py,kod,652,AST / importy / odwołania,e360912eb588e9114e69bd539c547e92ad5bb3aad841d3d0a5b97a2b6194e600
core/admin_apps.py,kod,137,AST / importy / odwołania,59be15fc48a5b2242c5991e48eac30ec4cf0c9959687302dab364ec8da26294e
core/admin_navigation.py,kod,4067,AST / importy / odwołania,2d027a750fe5f57df0c90f8b16333c63eb783f292e71226902f200a80c80cca8
core/admin_newsletter_recovery.py,kod,8470,AST / importy / odwołania,a056f68b6c73e74bfd72bbf54c78b696e3f918a02859ae4955ee58dd98bb04a7
core/admin_people.py,kod,1722,AST / importy / odwołania,6d12cf62ed053ce6a4cc7ec3d2a93b02778345e0486e7e62eb785932577583a0
core/admin_site.py,kod,1767,AST / importy / odwołania,6eef185fbb986479b4741bbf01104b47232add819b36bf9cff4b3a6bcf3d4351
core/admin_urls.py,kod,4244,AST / importy / odwołania,2fd723012c7e4a8048b831616f563214be9c72d85bcf9cfbdbdc911a0fea4a1b
core/apps.py,kod,444,AST / importy / odwołania,d94bbbb6c4b303a12607fb13eeaf5461b787b94c94378db35265269e5d5c34ba
core/audit.py,kod,74,AST / importy / odwołania,74aa1dcbfb6c06740651886b1924b38a6d632694847f655f10321e6a8801612f
core/auth_backends.py,kod,899,AST / importy / odwołania,da14d3ae8ab3ea337e731cf9fd39441734c4cf9b76e71997aeae68585a3753fb
core/auth_forms.py,kod,477,AST / importy / odwołania,61443ee77b467daf1fc503e1a591ab8db75e8cf4c9f403faa3348825cee70ce3
core/auth_urls.py,kod,912,AST / importy / odwołania,66c0b7bcec53bc9a225f511f6cd6af31833b19e8fbcb50359a8d8eeb6fe7f0cd
core/author_access.py,kod,402,AST / importy / odwołania,79dc311d31632500352d9642eecadac0adc12864d57bd4947c196e2f91ff7d98
core/author_contact.py,kod,143,AST / importy / odwołania,d6af680d4d08fdcf80668d8670d65e28f5e76cf54654f98f632f52a5c51d518d
core/correction_forms.py,kod,1629,AST / importy / odwołania,cc4e6ed5634b47b9423e4dbf32d4349edaf506a318f1a36f28a09e8cc989040a
core/discord_webhook.py,kod,3458,AST / importy / odwołania,fb9ba3b5a9957a8ea8f3e90f7fc5d28a22178261803f03a398f1d20392e5047b
core/edit_versions.py,kod,6163,AST / importy / odwołania,d1a51c3f34c614a441576c50a2f9789ce9143733b0c45cd944b5886e49889788
core/exports.py,kod,6131,AST / importy / odwołania,4daf7d16e1dce497d0cf11dcccf4c2c6d4a61c1ab40905a84b09d1665a4908bc
core/file_forms.py,kod,1136,AST / importy / odwołania,0c446ca87a7a67a152cf939f7bd55abfdff7f40439d50a2f45bf0b9c0ccc203c
core/filtering.py,kod,712,AST / importy / odwołania,4d020ba5368688cd6c50547549fc3fe660a88e8adf9aa5112a84dd28a3272d26
core/forms.py,kod,26037,AST / importy / odwołania,9d9c9a504525b8285d0c4bac6a3ae6fff031bc01c28f56529c8c828a2a846acc
core/intake_forms.py,kod,4602,AST / importy / odwołania,491c5966858780de26558f58a7b3033829393dd5f7fb010ef57623c0469a26aa
core/mailbox_crypto.py,kod,633,AST / importy / odwołania,c2f3cfb3798233fb38e3003c83ca1c8d8e970f54d433384ff90c539a8d1e4d71
core/management/__init__.py,kod,0,AST / importy / odwołania,e3b0c44298fc1c149afbf4c8996fb92427ae41e4649b934ca495991b7852b855
core/management/commands/__init__.py,kod,0,AST / importy / odwołania,e3b0c44298fc1c149afbf4c8996fb92427ae41e4649b934ca495991b7852b855
core/management/commands/check_account_identity.py,kod,899,AST / importy / odwołania,d3a1f25a362237af13cb7427e536d7d5d5d9881422e3015a26ed66f518d60e35
core/management/commands/check_runtime.py,kod,647,AST / importy / odwołania,e82c2a95d5bf122310ed6a0735c9483014cfc1c228fa0e9f4c2e8e7d9ed6788d
core/management/commands/createsuperuser.py,kod,1513,AST / importy / odwołania,52bbcd87b15a3a10299ff2c0e88fbafbc6bd533e0ed52c3455e906fda0f776a1
core/management/commands/dispatch_workflow_notifications.py,kod,1070,AST / importy / odwołania,a5196f19c88a98ade1c390056058a3b74765bb9fb17f71d000476712fcc9b66e
core/management/commands/flush_activity.py,kod,3716,AST / importy / odwołania,21859b79da0393bda23cc3f86d5433637644a9f2ad8a4551e19ea21581a8f1b2
core/management/commands/prune_activity.py,kod,1673,AST / importy / odwołania,6a485ceb690cc47e68717e1c55cdcd69d184dff8a4a0b76a3ef4753b3348bd62
core/management/commands/repair_ballady_import.py,kod,4269,AST / importy / odwołania,d79b274de3e10536eb9ba22772b464cdb6119482c2a69b132324f0af58d05466
core/middleware.py,kod,13389,AST / importy / odwołania,0139f729bafb457af157edd0f23057698c8dbfe0c297f571ddbd0cd180cf0d8a
core/migrations/0001_initial.py,migracja,3359,AST / zależności migracji,bd25e4f667c39abcbf92c05857a2d2611f87a570ffcfc53dec2532a2c65f3da9
core/migrations/0002_anthologycorrection_submission_key_and_more.py,migracja,1714,AST / zależności migracji,e3f1d9f0b272f50a61c4e98709e8280eedd9bf76acd4ab4682b7e3864b3e7249
core/migrations/0003_recruitment.py,migracja,1899,AST / zależności migracji,19195cec6981fffe58aafdde16d20a55cc73629b004f904a944a9eaec02b9ea1
core/migrations/0004_case_insensitive_comparisons.py,migracja,3104,AST / zależności migracji,3fc366e62a9ad662e8f2edfc3ae2379b1ed1c94122c1cdd03850cdd9f17576ac
core/migrations/0005_recruitment_department_recruitment_first_name_and_more.py,migracja,3450,AST / zależności migracji,0baf0cc461077676d4022949d642d4dbb70c06ddd314054dd4699265fca2fe76
core/migrations/0006_useractivity.py,migracja,1681,AST / zależności migracji,f77e4639d4d90462e35bb6d50b906ea2908d3246abb61ff8dc815a5c9a3441f4
core/migrations/0007_discorddispatch.py,migracja,1429,AST / zależności migracji,5e8808aafb514cc9cd51d011fad3b88e3c6302b7a64a3095f2790835c1dda55e
core/migrations/0008_workflowevent.py,migracja,2009,AST / zależności migracji,ca7f062965e2ede907f520f5ec5e9fdab7640f13a1344a22d2b7ed0bcbd120d2
core/migrations/0009_workflowevent_sending_started_at.py,migracja,439,AST / zależności migracji,80da9bd7c3eec769a82e84311245f0045f5fa920c9ca547a6c5cd72608c57624
core/migrations/0010_editrevision.py,migracja,840,AST / zależności migracji,dbdea1bcf6e887c8c8b838cc8151996642e88575fb05552ec7fb127e1063a5c0
core/migrations/0011_remove_discorddispatch.py,migracja,191,AST / zależności migracji,fdcf3e04d09521568f9e685a18556d83785130caca07bf3b87c61dbd57fcd0ef
core/migrations/0012_activity_lookup_indexes.py,migracja,459,AST / zależności migracji,a2ecab634cf70a37bad599e6fd29a768ebf391d9a7bb612f0b7822b90bc3e6f7
core/migrations/0013_activity_spool_personal_work.py,migracja,645,AST / zależności migracji,800478c9aeb49b3760e9790934aea34ff70e3821a3b415f948a10394c4c4ab40
core/migrations/0014_mailboxconnection.py,migracja,1640,AST / zależności migracji,471c87c6555cc34334a1ca41f2fc7777287f545f4af084f40751eed7efc6162b
core/migrations/0015_mailboxdownload.py,migracja,906,AST / zależności migracji,411cfa4977f4b540636f8865e12e203efc16487c32c0ce24a30e0e608f8c5ed5
core/migrations/0016_mailboxconnection_recruitment_subjects.py,migracja,531,AST / zależności migracji,c01e1f27bdc4e493d6d8bfd88a15c203147e48e72e07ea1efa54c4f8fba13278
core/migrations/0017_newsletterconsent.py,migracja,1110,AST / zależności migracji,aaba3e07a93e78a5134515149791ab27fd6947ee4afc6a581a5aa1a37e4b5acc
core/migrations/0018_mailboxdownload_fingerprint_and_more.py,migracja,599,AST / zależności migracji,2aa8d0f667639d661daafc5fa0483c9b47a3b341e20697569caddcb31288702e
core/migrations/0019_unique_account_email.py,migracja,1934,AST / zależności migracji,e48880a80d5018cee7527a363280ca18e0eb50f772bf422559151699c4e4ed04
core/migrations/__init__.py,migracja,0,AST / zależności migracji,e3b0c44298fc1c149afbf4c8996fb92427ae41e4649b934ca495991b7852b855
core/models.py,kod,12007,AST / importy / odwołania,ab1db7dc24593669a8acbcd7d4e9aa98165ce2ab30b7c71f1e8e9af81f8c6369
core/normalization.py,kod,2108,AST / importy / odwołania,74969f6f386b0761e1580ffe143d1e9fde438b174c11061b1b4449115533c67f
core/odkurzacz_forms.py,kod,4937,AST / importy / odwołania,56dac93de9f35d0a783814643ab0b36a35728a3e36cfcb66c379a4e371392b42
core/pagination.py,kod,3141,AST / importy / odwołania,e8d587adf927eef21ddd353fa58c482e32d818501a8d8a7090be3cf6312cef85
core/permissions.py,kod,7914,AST / importy / odwołania,91534dca21d4750eb9e0f44aae0bacc89c747a7147c4fa9e0572233e26772f18
core/review_submission_forms.py,kod,9082,AST / importy / odwołania,7c2b794de0a4dc1c8fd8915b20d795a8247f9fce5c4d2cd3e2c2280c5db6d673
core/runtime_checks.py,kod,346,AST / importy / odwołania,d8d01c919293abac73f7f0156fa28428514772bb2a5cb22ddb32fb497203ce27
core/search_lookup.py,kod,2569,AST / importy / odwołania,dd5c24930c644f7634e2ac2daaabafbf179cb59fb7cca9056247de833f35db48
core/search_people.py,kod,905,AST / importy / odwołania,6963926db14cae10c0cdb3f7c7a65803b09643aa16e604fb4dcef6425ff60111
core/selectors/__init__.py,kod,325,AST / importy / odwołania,fb77de5142263c388cf42a0f27dab0f6953629b6fdb4c261878c66fe67902139
core/selectors/people.py,kod,9845,AST / importy / odwołania,61c08a8f9351f7a27c61d99a7ce0a0b50b0b52a6d16fa6aad6360c55c7969789
core/selectors/reports.py,kod,25834,AST / importy / odwołania,23857820f30ba1cc5dc5e3bac7394a9906289fb55abcd1a13812d49b83f82c75
core/selectors/review_detail.py,kod,4070,AST / importy / odwołania,aadb04f69280a3edcb49fcd19f2f678eb6f2b156b96a6d416b57b4cc91065cf2
core/selectors/reviews.py,kod,16440,AST / importy / odwołania,c037054d69799bc34d727c736e12cd47ad033ea77403dc983be6f49aefe1a734
core/selectors/texts.py,kod,44700,AST / importy / odwołania,55b6e870d8f3d89347d34ee4fef4f67e5da40bf7337da1a446d7868a6c4d9f47
core/services/__init__.py,kod,312,AST / importy / odwołania,1568442c4917614115b98ac844af6daa2858aa1555d23fea6aac02df392523f2
core/services/document_conversion_worker.py,kod,10903,AST / importy / odwołania,9b35c79023e7395e0295c01c6687f6abf431e83e0355d092bccc8de769485b47
core/services/document_converter.py,kod,12369,AST / importy / odwołania,37ad453bd1744d748579e6e2f04fb19293f196cf8068da6f9af5efa7f56d8d9e
core/services/document_formatting.py,kod,4038,AST / importy / odwołania,b16c68c3908b03851e5e80b479959f6e29d2f74a4496822c97b2f2bb6d7a6c9b
core/services/document_html.py,kod,780,AST / importy / odwołania,2eec72f6d05f4f7fbc3e150e1312fd0a352c7a3a54dacee7db91c573ea228adf
core/services/document_pdf.py,kod,6398,AST / importy / odwołania,f38644b042909f6a54c2690b4eda56a32fd9f42bb928c6616eada780f37ed425
core/services/document_preparation.py,kod,1443,AST / importy / odwołania,5d3c1ff35ccd90eab0b9436848c76c6bb16ef0b3a7f2d8f435222b10a85f12bf
core/services/document_rebuild.py,kod,13426,AST / importy / odwołania,ab5a3f43c61e814f71f58d40948e1e597444ef6eacce8ec6fb31b8066e700791
core/services/document_repetitions.py,kod,21509,AST / importy / odwołania,5db3cefdc49fbf13718d4aaa8d6bb1bf9f3649a7e836e39f9f3ca63c9a6e0743
core/services/document_styles.py,kod,538,AST / importy / odwołania,281978008b3b347d8b5594cc2303acaf2f88d6932712e28f91209ca213996f95
core/services/document_worker_bootstrap.py,kod,922,AST / importy / odwołania,5a0a7e899af84690952a9b7492b89f413c1a4cfd37d5e6a08dc8451e9fb39954
core/services/fonts/LICENSE.txt,dokumentacja,52517,format / odwołania,1315a62758a603a3e6e87a79b8389563789c59c1740b9db8bc2b20e2e2145458
core/services/fonts/NimbusRoman-Bold.otf,zasób lub konfiguracja,100984,format / odwołania,e0ad81923bc6d85d5426f796217c87963ca1ae3c65e22c87a25b6c6353de299e
core/services/fonts/NimbusRoman-BoldItalic.otf,zasób lub konfiguracja,104772,format / odwołania,c84bcb17ab4ee54f16dadad6a3b0b2df37a24f9fc812897c4a59eeca785a5dec
core/services/fonts/NimbusRoman-Italic.otf,zasób lub konfiguracja,105684,format / odwołania,b7c424e6cb79baddfcdcd9a9d87f9fc4fdd06f0e5160066e2b2e47bcd647c7b9
core/services/fonts/NimbusRoman-Regular.otf,zasób lub konfiguracja,98200,format / odwołania,fd41669443616a7ae890c42e53a58f47fa24a940fd1e367acaff665cf5b6e9d8
core/services/mailbox.py,kod,8245,AST / importy / odwołania,992915b5983a46d0f6370bb554f8eae2654d626e02768e613ed7e40b7912846f
core/services/mailbox_body.py,kod,3967,AST / importy / odwołania,3bb69fb0ef71544b7be60a29e8d9118594c5e857ab1c9ec8dbd6f13ed1a8681f
core/services/mailbox_import.py,kod,24676,AST / importy / odwołania,3dad4c9b7ad8a0e01ca156044a3b872500cbaf16cda2297db98aa8a96dffd355
core/services/newsletters.py,kod,1172,AST / importy / odwołania,275ad93d6d2de496f47a8239d6bcc70d31c5aabc13ab23000d507588d5447cb3
core/services/odkurzacz.py,kod,30118,AST / importy / odwołania,55264af4e030063833550f4ac46fd6e98eff26e7adee8969b117484e756f1518
core/services/review_import_parser.py,kod,13980,AST / importy / odwołania,25a38c8db5aefe2e5de425529cd573752f286c722bb3599584010fb4d834e1a1
core/services/reviews.py,kod,26146,AST / importy / odwołania,ea8a17eb2a19c733ec910bb494c72186d179a5580c41c216170c6ff15d88d2d5
core/services/texts.py,kod,15703,AST / importy / odwołania,b48c4005e8406a36eae43d1d4130f4dcd7ba5728d6cfc7b8553b31ae07933923
core/services/vacations.py,kod,6365,AST / importy / odwołania,d2b76f69eff361c5b72e04fe7430bf2cc1c0eebf0c09e75669054f06427735f2
core/sort_keys.py,kod,874,AST / importy / odwołania,984ae7a0dd6a6792ddebffcc287aa0fde155c42fdfa827fa31b59c10b3223ff7
core/source_reviews.py,kod,3783,AST / importy / odwołania,a0ce60dfcf7ecc430905272a50a2841df264fe2bfaa98194517d6541fc38988b
core/static/core/admin-inlines.js,JavaScript,1019,node --check,525a0ec3a90271cc150ffd2097e992f720fdc2a73f56c9da35f950647de8bd7c
core/static/core/admin-navigation.css,styl,1069,odwołania selektorów / kontrola palety,0e77f7893ed71f6e748262849470f5ee7db61750b50badedfa9c54d1a5ad3c28
core/static/core/admin-navigation.js,JavaScript,1928,node --check,26f18f3d55dceb29fad6bbfea980ccff46858c00037ddfd4763cfc34abc16ed7
core/static/core/author-search.js,JavaScript,7863,node --check,047507825435a17a4115ee24a9f3c66f27a436092a7a1b93295676bad86c4c95
core/static/core/components.css,styl,12532,odwołania selektorów / kontrola palety,212f6c2f0e464e7d1d5e5028ef313dc5824fcc37016701366c5461101e0fe474
core/static/core/corrections.js,JavaScript,4017,node --check,21082186307fbafa2ef85c8c5d7923714873f6c003e0877919e09fe63df6f6b8
core/static/core/dropbox-folder-chooser.css,styl,632,odwołania selektorów / kontrola palety,93109a03829a1bad5e93d8281e02143043a0de9d8e541d06475cd080bd66d535
core/static/core/dropbox-folder-chooser.js,JavaScript,2389,node --check,5d606c6e719f249faacde6e443a987191bb314331ee1e56296c62edb4760a221
core/static/core/fantazmaty-logo.png,zasób lub konfiguracja,3102,format / odwołania,f1f85b20f5bc4ec8453af62407e47f88eb178fc97eeca97b8d8ff413e0e8a395
core/static/core/intake.css,styl,1452,odwołania selektorów / kontrola palety,d47b840b5a14cd59d5579828f6db4d92a1efbcceecf4eeda1e54566f0040035a
core/static/core/layout.js,JavaScript,2674,node --check,c2876e2c1989988324548facc24e91a754383ae3e0a863f8c538fccad284aa37
core/static/core/odkurzacz.js,JavaScript,460,node --check,cf41d8b0ee846225c7651e360496c86c1b852dfa572f9db23bc61da5bf976c22
core/static/core/person-select.js,JavaScript,4525,node --check,7141ddddaccae2700890f3dc53be0a0add88974e82abe9fcd5e061b831e2b822
core/static/core/programs.css,styl,2042,odwołania selektorów / kontrola palety,6ae13d495a985df743c9a902509ba7a50f590004935031c6ffc73bd931cd0396
core/static/core/styles.css,styl,46363,odwołania selektorów / kontrola palety,cff4e6da60e8e512d57409ff74c67d4b3b19f41a8e90a0ba5787f5e9eb3b764e
core/static/core/theme.js,JavaScript,3586,node --check,c219ba09a74b5f2efe60c5cf9e54f6e1fc56f6f1abf064ab0563cf71b266adbe
core/static/core/themes.css,styl,5113,odwołania selektorów / kontrola palety,e84083c420f601df944d4725311f975092055a6efb38c5a6b687c2dd56caefcb
core/static/core/ui.js,JavaScript,49421,node --check,6c542b8df3dcfea210f28f6219d34affa9b958c6bf9f3dde91e6dae78f7fcfc7
core/static/core/workflow-repeat.js,JavaScript,925,node --check,671497481d7bab7d9f0257c9ce842039f5ee040cc84324763853167f9766b11c
core/static/core/workspace.css,styl,8044,odwołania selektorów / kontrola palety,98f6eae9bb71c306c83ae655f7e49e203ac00f10bc0ad99ff7e04330892fed0c
core/supervision.py,kod,19273,AST / importy / odwołania,a7ef3f6dddcf0e62fdb68ebe2727f6723a04c0e90c7cb8798f8243a4ac51ae2b
core/table_sorting.py,kod,19955,AST / importy / odwołania,8b94bef5a64736ea294ba4ccc48178ae93af2e18308fabef843bb48c245bd4b3
core/templates/admin/app_list.html,szablon,249,include / extends / static,0e89d7cfe555f91c84de3833532d74490b52cd79d4488900273e5d091a77e197
core/templates/admin/base_site.html,szablon,6096,include / extends / static,647a0b47d94bb9b88d4f3660c7a77c145fa574423506fb192e526be2d1342c61
core/templates/admin/blacklist_index.html,szablon,537,include / extends / static,906519a94be6bc80d028b1a6902babed10b8e6a2d3559337ace9fd74d979191d
core/templates/admin/change_form.html,szablon,1363,include / extends / static,86dbe78f0e52539e72bad67ccdee2bc43ac9807712083c807a35b3f9405fc1f8
core/templates/admin/core/mailbox_recovery_link.html,szablon,217,include / extends / static,1300259573a3ea1541d52b45da5c6f8153ff086c87b0c27bc03e811b85ba9a7b
core/templates/admin/core/newsletter_recovery.html,szablon,2235,include / extends / static,0fbd85b09a2fb556e39dd48fe49e3a78c2bb00e13e9ea63edabede045be738ec
core/templates/admin/delete_confirmation.html,szablon,563,include / extends / static,c4e039ff6e968084b0dbf928423a22d3beca48184e4a0ba4f28929f38eecf83d
core/templates/admin/includes/cms_model_list.html,szablon,1533,include / extends / static,1378f5a204800b329b45aa8e0ae9b6f9184577773a83f33778ac8affe5699a22
core/templates/admin/includes/cms_navigation_group.html,szablon,488,include / extends / static,edf7a55770f655cbafbc16eed5465c31fc7e71ad1eabe75b5f102abd74e94ae7
core/templates/admin/index.html,szablon,33,include / extends / static,fb126fdb4d0981c8000ea4723e99e6bf7e393c0ad4fa3d51cee4cf76a2a8f280
core/templates/admin/texts/text/add_stage.html,szablon,820,include / extends / static,befe26153fee565b222f0a1f0cb6b05b5fcfac62a466cb9b5f1b9842fbbe330d
core/templates/admin/texts/text/manual_status.html,szablon,821,include / extends / static,fa0a25db285500b3ef5c5e9352661171f7df012fbf438326dc07d6c7692e1095
core/templates/admin/texts/text/workflow_inline.html,szablon,734,include / extends / static,d06fd8e63543c074124dc7225477922f489bda4d70ac27c5bb063b62922f52d2
core/templates/admin/workflow/assignment_correction.html,szablon,1019,include / extends / static,c3fb4d892d39041b609e159d41bc02f8bf16f9ed1cfcf1d42802465630a1306d
core/templates/admin/workflow/stage_correction.html,szablon,1335,include / extends / static,4a84fb9671d46d4540117ca745ede2da8aebf1303c454f8fb4a17afc6a9d3aa7
core/templates/admin/workflow/stage_dates.html,szablon,994,include / extends / static,3a2b44b0b79361235cda3d6e903ac90f15cc9cb97c3c961e37cd0e9b7c1a9efa
core/templates/core/active_vacations.html,szablon,6548,include / extends / static,17fe83aec764876628ed4931eef631b927fc9b81dcebea72628dc19c8e07808a
core/templates/core/anthology_corrections.html,szablon,5037,include / extends / static,082d3dc2edbf6e4aecd365433529f9b0fb19300be90f16f49ba1285f2b7e5244
core/templates/core/anthology_detail.html,szablon,1438,include / extends / static,102161fdac4a48df4e925f630896513da7ca4e909f53cddf608a994e79bc4668
core/templates/core/anthology_list.html,szablon,8115,include / extends / static,ed3798c418f6a72173740333123f6a5bcd25d7d75a685fa903534f7297e4f5bf
core/templates/core/assigned_review_detail.html,szablon,25471,include / extends / static,1c5c017a1e38fa0655c36e6209f73b1da39410eea19b92e4b938dbb6c17aa14d
core/templates/core/assigned_text_detail.html,szablon,44134,include / extends / static,836b862eb915e803d6206c74ffd5f76f5cd6dc26a3f6f6e91b403b711c4f1e66
core/templates/core/audiobooks.html,szablon,809,include / extends / static,4235d233190b22d38ec579fba69d1b866bf2b50a9dc4709dbd258c7010adb1e5
core/templates/core/author_detail.html,szablon,13273,include / extends / static,cc62fc28dc5277ff091896e5a12400fcf57e5bec447033097a8c383a4f42153a
core/templates/core/author_list.html,szablon,10023,include / extends / static,921f5675679672c231c14418e9e3b34ef48648f1e1320948c2b9f0004a62a7c7
core/templates/core/available_texts.html,szablon,7659,include / extends / static,9ef253989f8e5186ef5cb25d92e609b1db24c1d05994e5558dc66b31f5b07516
core/templates/core/base.html,szablon,3714,include / extends / static,d23821651b5c6d24470b565173dcf151c459f4d0ab46ee8b90a055e70a21cc50
core/templates/core/change_log.html,szablon,41,include / extends / static,f8530e35ed10df915c770dbcb06b687ea1534bed70857564de817a5a97e57cba
core/templates/core/correction_edit.html,szablon,685,include / extends / static,1616fae1c5c1e565fcbd1e70f07d1a6b30d6c90505ccc2aa0a857baeb53bb782
core/templates/core/cover_proposal_list.html,szablon,9547,include / extends / static,6fae97d09067096344f58312d068b658a57ee012bde6500d4f66fabaa32e4242
core/templates/core/data_integrity.html,szablon,2870,include / extends / static,a3e9e115ccec800c89a6ce218161239070b4ea91cb004303c4cd0f6e645113c1
core/templates/core/edit_conflict.html,szablon,900,include / extends / static,4591808c377ee0a55b7a08ddb283efa8a398e0e925cfedca4198214d38185608
core/templates/core/edit_vacation.html,szablon,5376,include / extends / static,42b2e6333241dd3ddd1b3c8c41794edfdc0b59088c29ce11462e7c20c03b9385
core/templates/core/editor_activity.html,szablon,11852,include / extends / static,d07e32f91fd7055289771cf7af22e50a63c7b9eb5458a85b4cbf2099b025dce4
core/templates/core/global_search.html,szablon,11797,include / extends / static,8892dd8434373df579d4426dc1e2729f44f4ce50cce8b6efd56d12119427af2e
core/templates/core/home.html,szablon,8000,include / extends / static,74a3daf5490ef9a8996c99466779b165444cc4645f3cf6456ffe1141747cac18
core/templates/core/illustration_list.html,szablon,11606,include / extends / static,470a908c413f5350c35f32358d062dcf520d8ffd60c45b4bf286840758c1339c
core/templates/core/includes/dashboard_more.html,szablon,376,include / extends / static,9f639333c7062b17dbc0de9109bf76757fecc0ebb0346d4f0b5ed0208835f7ef
core/templates/core/includes/dashboard_review_items.html,szablon,542,include / extends / static,2d75dedcae0993639a6ce8ecab9ce756045d293c004a06b927364481aa388344
core/templates/core/includes/dashboard_reviews.html,szablon,90,include / extends / static,00f32ae374c2d42af6468063bb151b44d9a5ad7e4913f6aa146b384b8bd02646
core/templates/core/includes/dashboard_work_items.html,szablon,2540,include / extends / static,4e8ad82a93fa4d3378eb27d9f1b420e479e19dbdc5ef1de5d1788f7132591f2d
core/templates/core/includes/dropbox_folder.html,szablon,1299,include / extends / static,c8d85630f98ca5438597d40b5faeba73a08a59a649209011f502e8eeea4cd987
core/templates/core/includes/issue_list.html,szablon,296,include / extends / static,a863114e8557bf688ac67490b9b9f59cf32d0d4403baee02cb1dd23dea98b8e3
core/templates/core/includes/mobile_table_sort.html,szablon,1013,include / extends / static,a0c41e376751c1e2519f2f766b36d9369f3b7e910fd64fd9dc607b2a85103c93
core/templates/core/includes/navigation.html,szablon,11031,include / extends / static,efcc358adff1829356e5f8743ddc2570012de0565d712a60244d0edda5d438df
core/templates/core/includes/pagination.html,szablon,2350,include / extends / static,c7a912a4a2bf6cb902e56450ec38b00d024447fdf93089f9044e0487408e7df3
core/templates/core/includes/review_bulk_form.html,szablon,6232,include / extends / static,de1610bb627b13c4507de172c3543bd492f3f86daf5bacfdf0be7f81cd21b04f
core/templates/core/includes/review_import_warnings.html,szablon,1515,include / extends / static,fe8466ee126eafde0f2033c46511aa1f79a5e688f26dbe7f8630ab372d077c70
core/templates/core/includes/review_single_form.html,szablon,1334,include / extends / static,6c8ddb51b93011ee5bdd64fc0f19a7d3b75a03e792a0748800c183494e0f3b15
core/templates/core/includes/role_names_form.html,szablon,602,include / extends / static,466495a1b6438b6c4c1c915e787cb4d0ee3aa15d0a0d33411f007c88d528840e
core/templates/core/includes/table_toolbar.html,szablon,1754,include / extends / static,092c3f8103067f7529bf158dd36bf3e0be09ce96b74e9a4e6e054ba5fcb8d07b
core/templates/core/includes/take_stage_form.html,szablon,1580,include / extends / static,905f58335069f754978c71cd0efd8c752c9162523694d14f47f6dfd015af8f54
core/templates/core/includes/text_filters.html,szablon,4697,include / extends / static,e39867bc41be56dfa401102b39f33bca54b3009dcfb8cef2ce2a660f01d8d587
core/templates/core/intake_form.html,szablon,1238,include / extends / static,1682be1ff1346643e244fc794052458d75db0875d6fb80f0013ff25539977fcd
core/templates/core/intake_list.html,szablon,3661,include / extends / static,a17b1c2424b6bc560cda758b3eb8a29dfcb4e35f5adcfed0ca7b17cae16be77f
core/templates/core/last_activity.html,szablon,2338,include / extends / static,e083cef798388db7a9927621f89afd98cc2d063c6848875d11ef915e8053b44d
core/templates/core/link_text_review.html,szablon,2013,include / extends / static,8c6a9057696b829e4bab6eda5a58e2e8528c9f12cf7419b9e1edd8f9037b37d0
core/templates/core/my_reviews.html,szablon,3242,include / extends / static,a669606bf7cb244050f70ea46a7868c37d6e5e09a3e1e9e452db5edd34beb954
core/templates/core/my_texts.html,szablon,10229,include / extends / static,b5c23e4cb2996749e3563600e9e05a4209aa4fd8b7ed5cab6cccef3cd59c9d7b
core/templates/core/my_vacations.html,szablon,10515,include / extends / static,9b491f6ceaa07c576038c4c84121624ea51937c1bd83c355b2539614337915cf
core/templates/core/newsletter_list.html,szablon,2042,include / extends / static,a1b40c97398a4e965301146db7691878b35690346ac25801cb704f8707f9a815
core/templates/core/notification_queue.html,szablon,2008,include / extends / static,0273426c254bfcd236d00f05cbbe5d38b488ef45a16bc3d54dd5b27db6219f44
core/templates/core/people_list.html,szablon,7870,include / extends / static,0da08c845d93332b6fff65bab1b5fc025f664d18fab25bdb74cccc1a86aad874
core/templates/core/person_detail.html,szablon,14921,include / extends / static,519b7d8f410fa3eaa648811489827b09e307d63da7790be8da80492a06c4047c
core/templates/core/person_permissions.html,szablon,1775,include / extends / static,6726c001d52271af182a3832682c7938e85942f6eb06f9d5c090fbefc695859b
core/templates/core/programs.html,szablon,8538,include / extends / static,d11707cb11f4085db9c00169be862f08840911818ac64bac0b9dae39cdb67758
core/templates/core/proofreader_activity.html,szablon,11857,include / extends / static,635ae8ade84e7a63c21e078121bd0768fe6b5979218246921b44876fe708c268
core/templates/core/restart_preview.html,szablon,2111,include / extends / static,6c7d7d3b028a883f7203b6aac7b1991c3648f4c5a524074ae76aad6d75c930d9
core/templates/core/review_bulk_import.html,szablon,6371,include / extends / static,e5753f2872b40cacd2f2131df0d016c8e1cdac917e2d731896382ea1dbfc234c
core/templates/core/review_intake.html,szablon,1752,include / extends / static,b241145d38b1cb3e7936225f2b3bd2ee199470f026f67fdda6d4a3a8186b0477
core/templates/core/review_list.html,szablon,18502,include / extends / static,6480ef5842a7ac6a77232d0df03fea3c055538812e477d52ccafee73ad3286a2
core/templates/core/reviewer_activity.html,szablon,12778,include / extends / static,174d25c6273b1ebef984a987e32de4f151e2d8365901ed03ac01621ebcf1319d
core/templates/core/role_names.html,szablon,445,include / extends / static,d58cc7523b771a3e21191f1444d70368938ff3b74af6d2f33275a2b270e6dc15
core/templates/core/text_list.html,szablon,6566,include / extends / static,639eb4c8e874a60dc82d17fdf3ddba23248ff164bf7e335a231a3902520ca898
core/templates/core/text_note_edit.html,szablon,562,include / extends / static,6fed74c68564b4a37b014fec9a6db78f9c4a02f0dce486e34a7533b70c2f9137
core/templates/core/user_activity.html,szablon,1917,include / extends / static,0d02f43aee0612de722b143a75c9ca19716038df6cecb5ef895231cfed93d41f
core/templates/core/verifier_activity.html,szablon,11817,include / extends / static,3e0b71fa3c127baad839c8c8596e74a535cbf9f041d4ac16c1a35e0fa5b02038
core/templates/core/workflow_handoff.html,szablon,665,include / extends / static,e788cdda2c738264f3ce0e187d24bdf9a8911549d054c6f1758502b40a5963c5
core/templates/core/workflow_inactivity.html,szablon,10010,include / extends / static,f5204cc79eb6a3ba716bbdad9b607060ee82420dc5cf69088ebd5f33e66ae3c7
core/templates/core/workflow_list.html,szablon,9982,include / extends / static,144150d6d889461a413eb3b1d928beac8359887ab358d980cbd50ea1346917bc
core/templates/registration/login.html,szablon,8226,include / extends / static,8ab033111c9c672de4372b638c6413e1797de2827b43ddfb16cac88da130ea41
core/templates/registration/password_reset_complete.html,szablon,673,include / extends / static,eefa4c555df45756e356dc3be18401b3a24d6bb38f6cd2536cb1e410c8432ba1
core/templates/registration/password_reset_confirm.html,szablon,2856,include / extends / static,3fe870b57be8413095f4b8c322c1730e006087f9695c9e2e08bb6a861dc1330f
core/templates/registration/password_reset_done.html,szablon,755,include / extends / static,ddfa894c8853e0396c5bd0ad4fb19223e0730312d606f09889f4cbeb3b508a21
core/templates/registration/password_reset_email.html,szablon,299,include / extends / static,212d7cd9befdc746f3fb2b017506aa91901c8cd7d8ead098efe765611738e8cc
core/templates/registration/password_reset_form.html,szablon,1510,include / extends / static,099dc425159347f88287c3256ffa24d07f901ff1acee8816bf0d46ae585bf5ed
core/templates/registration/password_reset_subject.txt,dokumentacja,35,format / odwołania,4eae904ec1128c884b424561c9fbb08a09e7eb0b54407ecd5d8ddd2326076ab2
core/templatetags/editing.py,kod,344,AST / importy / odwołania,accdcee5fdf8ee60f0d4411ae4ed227c61f3544904bf402f388dc0b00c501ddf
core/templatetags/workspace_tags.py,kod,947,AST / importy / odwołania,f48acb2fae877c8bf560ca54d3165e25995f64e2941b0e9fd20bba1e93062ffc
core/test_admin_assignment_merge_oct02.py,test,5340,AST / importy,12716e0766f14e13e78d2f677e66ae81beffdb2bdcd5f7aae11f3de1f6bb8a1b
core/test_admin_navigation_oct01.py,test,5551,AST / importy,85a94295e2314cb0e74e26944c3a2064f9704d21853e8fde5113826969f4dc86
core/test_admin_policy_repairs_sep30.py,test,10518,AST / importy,10f13296e2d7b25946b5963c87a4a7dbc911d0f390656d94fe11192ef9498cd9
core/test_admin_stage_dates.py,test,22472,AST / importy,91987538de473cfef32dbc5d031c77ea6dfc44e15e6d9be2ba4f0ea5d7047be3
core/test_audit_repairs.py,test,22841,AST / importy,546a00e0beaaa7b984e5a68476cd8fc482b4085b81ef8505831df42cd30a5175
core/test_bulk_form_regression.py,test,4610,AST / importy,5b76f176deb0965d6c9f93132f2ad16eef0a03261ff01ceeacc28e026adb6d53
core/test_cf7_mail_import.py,test,24641,AST / importy,0d5d306d708b6f13f7e34795cf3b50442bfb91d39b164974fb4fdb36d728a916
core/test_document_rebuild.py,test,12059,AST / importy,3e467465305deb8e91cd6b59bfce3b8450bc2179323606561f9ccc92d2befdf6
core/test_dropbox_chooser.py,test,3622,AST / importy,b935731c2f53e8f2ce52e2116678ff723e5df9ad623319c1880fa614e1b95f95
core/test_editorial_visibility_oct02.py,test,12938,AST / importy,1e14d0c9d881dc34c54087eaa36c175be2fa1ff59182c77ebf5c0700aac63300
core/test_formatting_status_ui.py,test,5447,AST / importy,e6877d26b0f76ef0bde9f9152bf1542f5707a3dc665263f4fe575a58477ecf74
core/test_handoff_credits_oct02.py,test,3835,AST / importy,f5cf2d997adfedf7c8a88d5e368bdbdc88dc2f86bd062732696f20c0468c79a4
core/test_intake_text_credits.py,test,3069,AST / importy,8df6cfce1c14edcf50c4b97821dffe82ddc4a53077e45adfa649cae1d9612a90
core/test_legacy_intake.py,test,3372,AST / importy,5b5ff9556ad74d9bfe702754d332dda082a2b7afa05029d446f21780b61b85b1
core/test_mail_filter_pdf.py,test,4941,AST / importy,2baf8ec8189f15f0b4670ca488260be411fe4bf1c2781ec7f71aab2595ea596b
core/test_mailbox_download.py,test,20289,AST / importy,a8771f45e175599c80108174e06068ed787939bb10b57117f23d2da57c618a3a
core/test_newsletter_recovery.py,test,5935,AST / importy,270624661b592717193dd82e2ae4c0f973fa58b97a605bff7631720b632d06a9
core/test_oct1_review_folder.py,test,8763,AST / importy,d53f330890c1c37f61fc6a826d9d1c2f5ab9c82cb2ad72a291422ad363686b3a
core/test_oct2_stage_completion.py,test,14464,AST / importy,08c6af46e8dc29e77364937e3edd55dd245dfefcf12ddb4f52b965ae3bf4e84f
core/test_oct2_ui_workflow.py,test,10774,AST / importy,f25f3429fbcda9fd7f437ad0087303e84cb3786db84d3652ccbf957fc1fdb6b7
core/test_odkurzacz.py,test,9202,AST / importy,8239e3b8a77bcd071b7cfef83e74df692b3ce0485ebd245e11fcb08a6fbff681
core/test_repeat_management_oct02.py,test,11475,AST / importy,5dbbee06cb0400679df3786d8944afc44890cdbab33611ff28ceeedbdaa54797
core/test_repetitions.py,test,7575,AST / importy,04baf3d0baa67082ce5484f872668c61c386a703921ef673e82996d837876870
core/test_retired_team_assignments.py,test,12774,AST / importy,53fc7d0f9b66f407aaed7caade1318ead3ca9066475832f4c31e7da8e6a695bd
core/test_sep29_workflow_mail_ui.py,test,10235,AST / importy,ba7b648b05d0ac9e7f8a4527bbb72bb338c336abde0b57769638e479b59b99e8
core/test_sep30_changes.py,test,3060,AST / importy,d6a216bc8f4f49d6cc51c189ecc90d74623cc46459b1ac5ee1ce1304ca46fe4a
core/test_six_repairs.py,test,6397,AST / importy,0925b2c8ebe0511fce2cea56e6b0e13309b8d8c956841f7649e4fcfcb9806135
core/test_status_assignment_regression.py,test,15028,AST / importy,3d610e1cbdca2d0fb3a21753554113e34abf3544f15ae2b7df8d1070588c343f
core/test_submission_consents.py,test,7422,AST / importy,12199ba3b7f9f75e4a0a916435971f39a53f8c7820e85a348aac3f305fa130db
core/test_table_sorting.py,test,8205,AST / importy,6d8aa77052e99fbc192c5215e750c62850b216c5030994ebdef94ac2bce8c9f9
core/test_team_visibility.py,test,4870,AST / importy,0e89cdf1fbb210a23cca93ec45fe6f28ebcf3b54fe0eb5cc24cd807fdbac65fd
core/test_today_consistency.py,test,6423,AST / importy,18466a3077ecb1dc93a220d68dbeb60fd8340c9b8dc2fb1f10533fa9747c62d4
core/test_verification_claim_regression.py,test,11906,AST / importy,5d229fb207accc0ab3b7828bf509ce32123ea79c7c08f09a25292b425e7795b8
core/test_workflow_audit_oct02.py,test,5778,AST / importy,c091ac48ecd00afb8fb7248b3fcda6047dae548927a68953fa56f2e97b5c8ebc
core/test_workflow_repairs_sep30.py,test,19337,AST / importy,f49b8536aeeb78aa4cbc5166106357606b4faaa2f19f1ac38e0f54695b65a0d9
core/urls.py,kod,10796,AST / importy / odwołania,60a4ee9e45e7288ee73730aa6e967d00f9291983f49d6f8bad6433048189c4ed
core/views/__init__.py,kod,215,AST / importy / odwołania,dbbd55b3132e52ce50ac645ea984ccf13a93c2eece4ef81d52d88a2f618283b1
core/views/activity.py,kod,2141,AST / importy / odwołania,f017107dde10041c337dce58bf6592ec04bbbd10f445bfa1757b63ebf87a4227
core/views/anthologies.py,kod,1336,AST / importy / odwołania,1f2ade607feeae4e1d761b9948a4bbf275064254d528893b56cc75b5656335b1
core/views/authors.py,kod,9554,AST / importy / odwołania,9ba24a2362d141c88701600b2fcab15506663e50d1e07f18b131e66bffd993e3
core/views/dashboard.py,kod,4846,AST / importy / odwołania,b9be7fb29dd5cddd67aff78f15cc00989d7d33828f2ef063866e660aa68779a6
core/views/intake.py,kod,9243,AST / importy / odwołania,029b3ac935cd475532c106d26e840dc87d100a022e33a93264d2a70643e483e5
core/views/mailbox.py,kod,12531,AST / importy / odwołania,155f577fc6abf571cb598a1e49b13158586cd727329a79865342a8d248a2f3fe
core/views/newsletters.py,kod,983,AST / importy / odwołania,256c98507dfa33e08889e25ee3e9b17b204046364bb89a58671e3df2781d24dd
core/views/operations.py,kod,10279,AST / importy / odwołania,80eedbaf2e9275b3a7d5d4143773c3966a60fd4837b8e768ad2aa7f27ddb6b23
core/views/people.py,kod,5523,AST / importy / odwołania,5715e0e95805f0427aee04aa91163b8bfa460df5a70950294cb076d79e70569d
core/views/programs.py,kod,8758,AST / importy / odwołania,5f504f5e2b9a6eb194a8136c412d537a7016564fd107af5f64b58738b72ed7b4
core/views/reports.py,kod,7459,AST / importy / odwołania,f0f3333d9e89fe4493aa2e82e36adba857d77ae45b1849afd5c2ce159abfe37c
core/views/reviews.py,kod,30606,AST / importy / odwołania,006c71b1d2f208533978bbba17e1e4ff65bde02ca9fb8d07dc9ec39b96c5de77
core/views/search.py,kod,8970,AST / importy / odwołania,d78b9b8ee858042f9755879c274f210afd0d4fcc7f357e7a6b04b87499dcb400
core/views/supervision.py,kod,6044,AST / importy / odwołania,492516c1dfa3e81e94c1e052c9b00ebf9c2d8b3991e9f121816a55ee580009b7
core/views/texts.py,kod,16925,AST / importy / odwołania,bfffe10121d50d4f7ffe2ee3857147bc6cbf57c1fbd61cef562891928d9c08d3
core/views/vacations.py,kod,8529,AST / importy / odwołania,335db0314bae98026598c89839bc858974b41c0dcc99eac70ba8d438783ba5b7
core/views/workflow.py,kod,18163,AST / importy / odwołania,ce989783947f960425fbc5e1b58895fe7b482a4f092ef1f19d2686ebd102c1f8
core/workflow_events.py,kod,9378,AST / importy / odwołania,19766cede003bc00f9f7a52f6d124da7d25fa227d61113d4940bbf5d0ee1df99
core/workflow_tokens.py,kod,810,AST / importy / odwołania,4b028f143939f8d817ae1cb388347ad9b0f0834f6972cb52e8f42a613490aa78
fantazmaty/__init__.py,kod,0,AST / importy / odwołania,e3b0c44298fc1c149afbf4c8996fb92427ae41e4649b934ca495991b7852b855
fantazmaty/asgi.py,kod,413,AST / importy / odwołania,02222a65349ce595ba559141b551d03a4757bb572ce644ce8267b1cb7bcbf505
fantazmaty/mysql_integration_settings.py,kod,896,AST / importy / odwołania,d27c872062584310dc925ea1709265ea0dabd3daf429f850bd477bdf5858f350
fantazmaty/release_test_settings.py,kod,518,AST / importy / odwołania,01c18771dc6529c9dd764348a2b68f3eba500bd4e831521e4de3ee0737941bd3
fantazmaty/settings.py,kod,11522,AST / importy / odwołania,5da7b3b322438654f352307b15838f5bb49b70456c06bcde51c01f704e183df8
fantazmaty/test_settings.py,test,1628,AST / importy,296f2150db44acee23a51386ac6e0f38441064d8975ba31d04cc2d09486d558c
fantazmaty/urls.py,kod,466,AST / importy / odwołania,e8210a1d7f43a3594e7013df181479b5163a163df1a1449575a8755d54eef6a4
fantazmaty/wsgi.py,kod,413,AST / importy / odwołania,9c9073ffd37611be5a42aa970a087e477a87d7da0645839f5f8b43b5d0769610
illustrations/__init__.py,kod,0,AST / importy / odwołania,e3b0c44298fc1c149afbf4c8996fb92427ae41e4649b934ca495991b7852b855
illustrations/admin.py,kod,4622,AST / importy / odwołania,35244aa16c63a2ca7dc005b5913a7ab7b92ef3287ca1245ffa7f3e10cc4f8d62
illustrations/apps.py,kod,264,AST / importy / odwołania,a009f4e388c89fcf5cd68855629a85a1d4c58d475a7ee381e9d56a54a066b304
illustrations/forms.py,kod,777,AST / importy / odwołania,ab81d2725aec3f21b10787d178e2116bf9c5c9bfc5537b84e143a7e1ad554af6
illustrations/migrations/0001_initial.py,migracja,6403,AST / zależności migracji,b40b8f3695a753a1804c66e0c1e4ba33967fca7ee8bd4da7b07dd3c97d69ade3
illustrations/migrations/__init__.py,migracja,0,AST / zależności migracji,e3b0c44298fc1c149afbf4c8996fb92427ae41e4649b934ca495991b7852b855
illustrations/models.py,kod,6385,AST / importy / odwołania,febdd46405d77267f0744e3fda30c70fb4dc6444eb9c1da8f3d060fe7ef6fdc8
illustrations/services.py,kod,1121,AST / importy / odwołania,c865f16a7c547ceb8b8e9db10f5061653a255dd6fea5bc1e216f70fa33782e8c
illustrations/signals.py,kod,1065,AST / importy / odwołania,5ea3acc1b7fbdcb4d03d6b456c6846eafc391352a9b481381549cec900289bab
illustrations/urls.py,kod,475,AST / importy / odwołania,dc2804e35a85ff9264c8cb11dff0b4e47f9a5742798947a5ab90ffb9eb456fba
illustrations/views.py,kod,7615,AST / importy / odwołania,7003017664e5827668569ee650ee0a9469912a1a6773d87948cbb5bf579e7ad5
manage.py,kod,688,AST / importy / odwołania,b8ff7d999c987bab1a96a4d1d6b409d598f6a4446da0d7c936404722eddd3217
people/__init__.py,kod,0,AST / importy / odwołania,e3b0c44298fc1c149afbf4c8996fb92427ae41e4649b934ca495991b7852b855
people/admin.py,kod,5959,AST / importy / odwołania,a7711d6c49268f3af52061f88886c3d426798294da3f644092150b50605d491f
people/apps.py,kod,191,AST / importy / odwołania,9d642d476ffcae04913e58408e3c4bcf033a118db56137c5d77e5b2fa0dfcdbc
people/coordinator_access.py,kod,1512,AST / importy / odwołania,c902278b576d5885e1c4783e6b1204dec92161e68360b5c4a210e519f9018a7b
people/identity.py,kod,5232,AST / importy / odwołania,eba9a3fc9fc9e8e87670efabad0baeaf932250666ef3f4b383bb4bb9425a4c70
people/leave_access.py,kod,818,AST / importy / odwołania,675600ecb5c1aef9565b2e4ad90493a28948cf9e5a42e7701d56b6cc6fb6c7b7
people/management/__init__.py,kod,1,AST / importy / odwołania,01ba4719c80b6fe911b091a7c05124b64eeece964e09c058ef8f9805daca546b
people/management/commands/__init__.py,kod,1,AST / importy / odwołania,01ba4719c80b6fe911b091a7c05124b64eeece964e09c058ef8f9805daca546b
people/management/commands/ensure_team_roles.py,kod,1093,AST / importy / odwołania,33346a6ee0b68e47d366e58c0698dde30d8d415dd72b1aa000f4e7a60762efe9
people/management/commands/export_team_members.py,kod,1192,AST / importy / odwołania,a8fafa452858a6efb9e1e229cabc6dc0401d1a668200f415d0cb00370f3f2ace
people/migrations/0001_initial.py,migracja,7407,AST / zależności migracji,62020523903d81f28474e7721ae7b85d483ff1ff109bf36798a1c7952ecf12e4
people/migrations/0002_person_previous_data.py,migracja,681,AST / zależności migracji,d342b7ec5b8c7446a83a7638f82e535193fc83431f1f70abcea6ac1c0c7101e9
people/migrations/0003_delete_rekrutacja_rekrutacja.py,migracja,292,AST / zależności migracji,272b47c04496e71386eb7b2c8f3ad7f8eb0506172bf8ede8bca38348b5c723bf
people/migrations/0004_add_typesetter_role.py,migracja,475,AST / zależności migracji,88dac7ea5f3d79b9d08f7570336aedbe413a431b5b7e040fcaef2868ee0f76f0
people/migrations/0005_alter_person_email.py,migracja,441,AST / zależności migracji,349ff7b5a6e941c1a6c485096bdfef8f13efd9fea09335e969d68a30201253e2
people/migrations/0006_add_coordinator_roles.py,migracja,791,AST / zależności migracji,807fc4e2ffcb97cebae1052ff30a0ef9c3dfac3cb57ed8d9d59e0ab51def5646
people/migrations/0007_coordinator_staff.py,migracja,1897,AST / zależności migracji,d43f4b66ea31e1d70aa800709e47d1481cfb4a6cff6588e0aef48f62041073f2
people/migrations/0008_person_author_profile.py,migracja,712,AST / zależności migracji,f30de5f661081bd339daf7573386d73f902ac023d2a8733feceb59bb43fba562
people/migrations/0009_coordinator_access_without_staff.py,migracja,1171,AST / zależności migracji,6cd00d908578f6c983f7dca0ad09ec2a3bddf157714fb5fb207f2db2e84ee96d
people/migrations/0010_unify_team_identity.py,migracja,1821,AST / zależności migracji,152288f1fbf38531f072899ed41372267409eec33cda71b53996dfb8c5baf1d7
people/migrations/__init__.py,migracja,0,AST / zależności migracji,e3b0c44298fc1c149afbf4c8996fb92427ae41e4649b934ca495991b7852b855
people/models.py,kod,10075,AST / importy / odwołania,98b99e31d7c65d3eb86eed6d3c5bb94872bc34b4719e8f5f1dcb3275cd13bd1c
people/role_ordering.py,kod,868,AST / importy / odwołania,e69ea20060b64b155e86649dc94789ac38598e6e54e685acb66298d503af4c3f
people/signals.py,kod,3644,AST / importy / odwołania,4962906103a8452f039f0d217eeb01f9df48fe739fd408554682bd5670cffada
pyproject.toml,zasób lub konfiguracja,1476,format / odwołania,5a9cd2a21003b498d14eef66fb8fe7adf9e7848232953f8c99a3d6acfaff7bcf
readme.md,dokumentacja,10485,format / odwołania,45ca95d5b72c49ac08dac224a58f4a29ad8c867614a3ff1e0ec0c8caab52867d
requirements-dev.txt,dokumentacja,137,format / odwołania,793ef8e60f53900d506d5c06f69848001fbde9a2a0740d215e7d8e6c14963149
requirements.txt,dokumentacja,394,format / odwołania,99bba35445005aa419fbb57f9ba4ad7390bdda5a9f74ff553aabe3315b799adb
scal_przypisania.py,kod,355,AST / importy / odwołania,bf215ef08181488d13fe85a73056f1d5088d570e527a8c3459f48cd25bff62a7
scripts/dropbox_folder_links.py,kod,7577,AST / importy / odwołania,4721b53d78b9a2508e272d70f3a890e2292083b4150b8533bd6819835de673ed
texts/__init__.py,kod,0,AST / importy / odwołania,e3b0c44298fc1c149afbf4c8996fb92427ae41e4649b934ca495991b7852b855
texts/admin.py,kod,50149,AST / importy / odwołania,3b7d2656e35de28117e1fac93f6057cedde5f7439db333e005ea29b9c34534b7
texts/apps.py,kod,244,AST / importy / odwołania,9dcbf699add90fd7d1dba641099525b472f36364b0bb5c0fd4b95c429dffd457
texts/archive_dates.py,kod,788,AST / importy / odwołania,cbdaebf20e6ae3e4e593e205d148571081249e09e8288c381d28ff2c38a351f4
texts/blacklist.py,kod,1421,AST / importy / odwołania,b507fa0bc698c6f241877ccbe5655e1aeb575b06d64ae69754e7d1be1975a26f
texts/extract_data.py,kod,826,AST / importy / odwołania,41c19e7575924f437829a2640765b07fef72e6594ea3baf8a26eb87f4e5b3509
texts/management/__init__.py,kod,0,AST / importy / odwołania,e3b0c44298fc1c149afbf4c8996fb92427ae41e4649b934ca495991b7852b855
texts/management/commands/__init__.py,kod,0,AST / importy / odwołania,e3b0c44298fc1c149afbf4c8996fb92427ae41e4649b934ca495991b7852b855
texts/migrations/0001_initial.py,migracja,23005,AST / zależności migracji,10a7bec9c173b0ddc47c640d26ef2a2f04c2eeda13c959e0a9a0052595674ce4
texts/migrations/0002_review_is_hidden.py,migracja,297,AST / zależności migracji,7c70ced28f62543164699fda695b3fa30d0ef12b590a3605e9e5c9a123c75f85
texts/migrations/0003_extract.py,migracja,1865,AST / zależności migracji,1d860739592b92fbeef0ffe5c6bc1202dd93cd30b0bcdce0d978e0c2b4b7e351
texts/migrations/0004_grouped_extracts.py,migracja,4588,AST / zależności migracji,ba6a8374ae4ab6b7691fbb85919296ce19b0d6a3da60cf4db5fb2453adaee2ae
texts/migrations/0005_text_is_historical_historicaltextassignment.py,migracja,2861,AST / zależności migracji,9d5e53354f5614d4aa4b069ba508c473fa7a052589d29fcdbd34a07b03916f9e
texts/migrations/0006_alter_historicaltextassignment_options_and_more.py,migracja,2111,AST / zależności migracji,53af73fa430711e62c07e98b4f291bae9c12aa4be7e35868fbedc05f21200160
texts/migrations/0007_text_historical_source_text_historical_source_row_and_more.py,migracja,1015,AST / zależności migracji,44717977cbc34e218878e156aae129e9bbd6e1568c34833d3a9c9e823ad6b7c5
texts/migrations/0008_historical_reviews.py,migracja,2990,AST / zależności migracji,cc6574f24767983df7de654def76721f530175d4c0c3ae64d61fa03e6fe1a056
texts/migrations/0009_text_file_url_alter_anthology_status.py,migracja,764,AST / zależności migracji,896ebd4e487cc5d05da8d0d4e5b97c7ce15d4cd9dac796a5c8e1c5fb6b25eb87
texts/migrations/0010_alter_anthology_status_alter_text_file_url.py,migracja,1078,AST / zależności migracji,1e198b408cfa60dd6eaf020f8ceb8dbacdf446817e7d2515bb8c6954ee999b55
texts/migrations/0011_alter_anthology_status.py,migracja,531,AST / zależności migracji,274a61cd2c2a1c43981025816eb962addf5adccf60b660436512e3f63200e1e7
texts/migrations/0012_remove_legacy_history.py,migracja,1130,AST / zależności migracji,ecea5d0da55c302276df7aca16f428ddbcfe2fc8ff360d74eaf118e8d5fc11e3
texts/migrations/0013_alter_review_old_reviews.py,migracja,565,AST / zależności migracji,9df9f772cd2c1db3973528168f8f4fbd25b87a617a78fb3b4b9f7c43ac67932d
texts/migrations/0014_alter_review_status.py,migracja,1184,AST / zależności migracji,3c14c28738f723770ff1d12f6c84ce3b12634956fa3da670797120eaccbb739f
texts/migrations/0015_review_author_message.py,migracja,552,AST / zależności migracji,d7f0b5c6bb9f43c2d76a5994ca2ea7bd7f7efd662bee35b0f91f8b87602e3d3a
texts/migrations/0016_text_coordinator_note_updated_at.py,migracja,485,AST / zależności migracji,1be7eaf442da1e029d4a9f3a389555e7e4956b1ed658327fb26eb1fe7ed3f24e
texts/migrations/0017_review_author_pseudonym.py,migracja,465,AST / zależności migracji,454476fd1d6af05019811b13d52f507905e5eed9ee9ae7befd83939a59de1237
texts/migrations/0018_review_publication_detached.py,migracja,588,AST / zależności migracji,3770ecb70356844d4b3ef5949064192ba8e4573990e522f04deefed4a83c0c83
texts/migrations/0019_review_file_url.py,migracja,309,AST / zależności migracji,fa834918f7bb326cce0140e69ce7e064bf51129be72a02797667c2a1f3389f6a
texts/migrations/__init__.py,migracja,0,AST / zależności migracji,e3b0c44298fc1c149afbf4c8996fb92427ae41e4649b934ca495991b7852b855
texts/models.py,kod,33332,AST / importy / odwołania,fde2c0fddfe31c56f9dba2a5b86bae7c25fb662446834959354a57c9ffab1253
texts/services.py,kod,9678,AST / importy / odwołania,f180f109df5d4a8ec16623dafdc90019cb47f1997c726f486b4d392b99c68e67
texts/signals.py,kod,650,AST / importy / odwołania,0ab7a49fe078a5878d7840f1d1586db4bee082e49e9ffe9804060cb24714a106
texts/static/texts/admin/review_author_autofill.js,JavaScript,10535,node --check,2296b9f17ce52584e78dabb7b3739877aa0b1c3aeb4d94d3a3d44c87293e15c5
texts/static/texts/admin/review_text_link.js,JavaScript,2450,node --check,cb9ac3718e4c88f95a3367df399d1691d30e4a6728d32a9dfd92d3b0f9779085
workflow/__init__.py,kod,0,AST / importy / odwołania,e3b0c44298fc1c149afbf4c8996fb92427ae41e4649b934ca495991b7852b855
workflow/admin.py,kod,21870,AST / importy / odwołania,08f4dc3b8d3c7befaeb9b12bc8b7d169c383e90c1a7683e18c94a23014dac262
workflow/admin_add_stage.py,kod,5192,AST / importy / odwołania,27115ad88ecdb4cb8b5b7865d9d0b30e743e8e439c14deb03aefe8d686d0385d
workflow/admin_assignment_edit.py,kod,3965,AST / importy / odwołania,5971810405e007676dcacb6562107abda1c91580431741ba586138b084861464
workflow/admin_assignment_rules.py,kod,1409,AST / importy / odwołania,b760e710f473baa9f5622defe103aad0bf2ee80096d9c4a6af6791a0a1ed4910
workflow/admin_performer_forms.py,kod,3229,AST / importy / odwołania,ef16c3fde073a2caf8ccad2217aefe481bab6d9b12d8f67a893aadb978b661ea
workflow/admin_performers.py,kod,11454,AST / importy / odwołania,8dbe49bbf20dcd7b17d773edd0c105772359577237fb65e3abe97eb915adcc4a
workflow/admin_stage_dates.py,kod,7945,AST / importy / odwołania,218cc23643608aae33c63b89f3689da6fc1f83696ddfb0aa5ab2c58c3ef7c3b0
workflow/admin_stage_edit.py,kod,6537,AST / importy / odwołania,417194de2cecad3bd81f93125dc3e15589749e7eef383860a446129dd3a827f9
workflow/admin_status.py,kod,3826,AST / importy / odwołania,a6c392a3caf7dab5087beea313a1932d7d357952c68b67d8e7fbdff1f50f8ab3
workflow/anthology_policy.py,kod,522,AST / importy / odwołania,85d086f5272f452262eb7dd4ba8184598241473de0b738dd96773189b786f07a
workflow/apps.py,kod,96,AST / importy / odwołania,2cf435179dadde5ab989860b339aaa30fbaaa4cba53b01b5e9b4e87a9e1cf833
workflow/assignment_merge.py,kod,6621,AST / importy / odwołania,6fb71841be563b5847acdc792341ea5fc64ff572ecb8e82b03e78420e481ac81
workflow/availability.py,kod,5160,AST / importy / odwołania,a94d2622c953f579aa17ceeb2e0e6aec02c49d18c46e8e5823a3e970627447f9
workflow/catalog.py,kod,1340,AST / importy / odwołania,fa62282e321afb652a55dbdd49571f7dce30d03668887b7fb02c0e2bf9b94f2d
workflow/completed_import.py,kod,7653,AST / importy / odwołania,28e2678860a1fa11e34dae5b84883a0b02cd9f243a848e3d4b6e0904b1370bf4
workflow/handoffs.py,kod,5242,AST / importy / odwołania,e800a756318623ab57da32c18f2c29f22b8076a689759c4bf133951bc216c290
workflow/import_context.py,kod,192,AST / importy / odwołania,ccc3743e5be1f5a3055972cb65838d1e2062154c761accd9dd358676611ab3f7
workflow/labels.py,kod,998,AST / importy / odwołania,6d38a7a5cc5401f1b3ffe4225bb3d109207070e5f0d8766025c5bd864bd17f79
workflow/management/__init__.py,kod,0,AST / importy / odwołania,e3b0c44298fc1c149afbf4c8996fb92427ae41e4649b934ca495991b7852b855
workflow/management/commands/__init__.py,kod,0,AST / importy / odwołania,e3b0c44298fc1c149afbf4c8996fb92427ae41e4649b934ca495991b7852b855
workflow/management/commands/import_team_archive.py,kod,8765,AST / importy / odwołania,ced9d4b81b133ad15d45084bf84ef5cfa0c273a719bef161b0cab497ab435286
workflow/management/commands/merge_workflow_assignments.py,kod,1324,AST / importy / odwołania,bc32209dcf13747ff070387a05c84ce328990fae6310932cd10fc6195a3c5128
workflow/management/commands/repair_status_assignments.py,kod,3026,AST / importy / odwołania,70c0af288194001cfd1b7d4ca12493a0842a21766029de075653c681e385cb2e
workflow/migrations/0001_initial.py,migracja,11628,AST / zależności migracji,d03c980174aee562ca2f85ef5a4990eba2da0f8afb5821a1dd4a978be7a8eca5
workflow/migrations/0002_mysql_verifier_uniqueness.py,migracja,936,AST / zależności migracji,f4490cc40454224d0f29595358d6be86db9911d02005aaf28f19de5895ad1230
workflow/migrations/0003_workflowrepetition_and_more.py,migracja,5007,AST / zależności migracji,c8db34d95dfdbd90eab584245ed4a1820b4e2b47db7458be1117a5391cccfe79
workflow/migrations/0004_bind_stage_history.py,migracja,1331,AST / zależności migracji,ce9474b4d227d36d39b3b268808a29a4421bd95a8280a35c3a61a888ea797f40
workflow/migrations/0005_remove_workflowstage_wf_stage_dates_valid_and_more.py,migracja,1817,AST / zależności migracji,81d6528c7a67f2dd44406d49108dc94766242598d31407052f59825dbcccc684
workflow/migrations/0006_workflowrepetition_canceled_at_and_more.py,migracja,2845,AST / zależności migracji,a2e86bde9603d199a578f6bf691db749f9d96a4f1ae2629fe0c9377c738ac37f
workflow/migrations/0007_repetition_restore_snapshots.py,migracja,1662,AST / zależności migracji,b04208e66c78c3fcbfe7155387ce22468b635a4c2c8b23d3cebedc02ba2d0b6a
workflow/migrations/0008_import_only_work.py,migracja,2749,AST / zależności migracji,4da5df967812f35fc6fe29a9ac749fefb3f6c6e4f7d2e873c44b6726f449c70a
workflow/migrations/0009_remove_workflowstage_wf_completed_has_dates_and_more.py,migracja,1385,AST / zależności migracji,6fc94828e0a9f90fc40ec0ced01be7af6b556294ffcc0b2e76f89090504e1448
workflow/migrations/0010_workflowstage_queued_at.py,migracja,495,AST / zależności migracji,c1b24db9cba10108604858b414b907ec173a22c56cea32599b915d17a069b513
workflow/migrations/0011_merge_status_assignments.py,migracja,6887,AST / zależności migracji,0dca8efebbd7ca06dc7a2b518cbe05b1f321e9f86ab84c4b4a128bfb76a7a67f
workflow/migrations/0012_restore_retired_team_assignments.py,migracja,7450,AST / zależności migracji,80244a1cf2851e8d01f18955c50c75795596eebdb82356e6a3683c7f5fdce1c1
workflow/migrations/0013_merge_duplicate_role_assignments.py,migracja,658,AST / zależności migracji,9482300f4f924e4f727ea31068c9ea6f0a2daa7dfaf7359d1528b8f5549894c0
workflow/migrations/__init__.py,migracja,0,AST / zależności migracji,e3b0c44298fc1c149afbf4c8996fb92427ae41e4649b934ca495991b7852b855
workflow/models.py,kod,24387,AST / importy / odwołania,93c46242b6899f79781e6922db2e3015e5c78bc21cc4e3aa2c3ef32027101a1e
workflow/read_queries.py,kod,10434,AST / importy / odwołania,48620e34ea856b709547c6c8f058177c03972df5005b17f7113755a45a40a3c6
workflow/repetitions.py,kod,14673,AST / importy / odwołania,573db1fed992344bb44eda0fe625c0a87a20ee9eab200f600bae66e21a3da8a3
workflow/services.py,kod,32728,AST / importy / odwołania,0c316f7ecda1c8b5eeeaade10b51ef80f3c8ad438b0f0432a8d7783829604726
workflow/state.py,kod,3507,AST / importy / odwołania,4c3e26decba8ac3587e2f0fac7a055c6d13582a3afe737dedf24fa1360c24b3b
workflow/test_import_only_work.py,test,13522,AST / importy,03ff054097b9f1d90e901c00be8a2c1ac4f325e0016b5c15fde72370b46672b5
workflow/test_mysql_constraints.py,test,2140,AST / importy,60b6265112b186f763d61b3e5ab6880a890a978461bdb36e3f62dba99fbca13a
workflow/test_proofreading_policy.py,test,5663,AST / importy,4c098d5b27385b7501db1b20870c520eba317c92862448e4af6c77b0a72f5c25
workflow/tests.py,test,22437,AST / importy,5059ab2fd10b674487ad37cf2cd90d3d7d835f162e1c984043c36a8fe6f6b2f6
zastosuj_poprawki.py,kod,972,AST / importy / odwołania,6860c3269919bc6049cb120c59e714611aeb8fc4bffc9c02c3ba90ea7d400900
