Autor	Tytuł:	Status:	Długość:	Redaktor:	Drugi redaktor:	Koordynator redakcji:	Weryfikator redakcji	Korektor 1	Korektor 2	Korektor 3	Korektor 4	Weryfikator 1	Weryfikator 2	Weryfikator 3	Weryfikator 4	Koordynator weryfikacji	Weryfikator 5	Weryfikator 6	Weryfikator 7	Kontrola redakcji (historyczna)	Antologia:
Orłowski Wiktor	Kolor piekła	Gotowe	51862	Paulina Grzybowska				Kinga Grodzka	Maria Bernaciak		Ilona Żurawska	Ilona Żurawska	Patrycja Pancerz	Mariusz Flejszar	Marcelina Kopaczka	Damian Szandecki					Raz jeszcze w wyłom
Sawicki Andrzej	Wyrywając dusze	Gotowe	56188	Alicja Tempłowicz				Ilona Żurawska	Katarzyna Burska		Maria Bernaciak	Michał Gola	Patrycja Pancerz	Anna Twarowska	Magda Kowalewicz	Damian Szandecki					Raz jeszcze w wyłom
Niedzielski Krzysztof	Władcy Ludzkich Ciał	Gotowe	66334	Michał Gola			Anita Brzozowiec	Katarzyna Homoncik	Kinga Grodzka	Kaja Jaroszewska	Maciej Sznurkowski	Anna Twarowska, Magda Kowalewicz	Patrycja Pancerz, Patrycja Gil	Marlena Urbaniak, Anna Twarowska	Joanna Gasińska, Anna Maria Kottas	Anita Brzozowiec, Damian Szandecki					Raz jeszcze w wyłom
Krukowski Łukasz, Wybraniec Anna	Kluczarnia	Gotowe	26135	Krzysztof Matkowski				Agnieszka Stawarczyk	Kinga Grodzka		Maciej Sznurkowski	Ilona Żurawska	Michał Gola	Jakub Moroński	Patrycja Pancerz	Damian Szandecki					Raz jeszcze w wyłom
Pastuszka-Roczek Joanna	Biała brama	Gotowe	54465	Damian Szandecki, Iza Palińska	Iza Palińska		Dawid Wiktorski	Ilona Żurawska	Kaja Pudełko		Paweł Sadowski	Ilona Żurawska	Michał Gola	Patrycja Pancerz	Joanna Gasińska	Anita Brzozowiec					Raz jeszcze w wyłom
Fulińska Agnieszka	Słońce Austerlitz	Gotowe	77561	Marta Szymczyk, Agata Bisiecka	Agata Bisiecka	Anna Dudało		Maciej Sznurkowski	Anna Dwojnych	Paweł Sadowski	Karolina Deryło	Aleksandra Krasińska	Magda Kowalewicz			Dawid Wiktorski					Raz jeszcze w wyłom
Juraszek Dawid	Białe mięso, czerwona krew	Gotowe	20062	Dawid Wiktorski	Magdalena Świerczek-Gryboś		Weronika Niedbała	Anna Dwojnych	Kaja Jaroszewska	Maria Bernaciak	Michał Gola	Jakub Moroński	Magda Kowalewicz	Aleksandra Krasińska	Dawid Wiktorski	Sylwester Gdela					Gdy Ziemia miała nas dość
Pękacki Bohdan	Pieśń dla wieloryba	Gotowe	29540	Magdalena Świerczek-Gryboś, Magdalena Kucenty	Anna Dudało		Dominika Szachowicz	Patrycja Kurczewska	Paweł Sadowski	Maciej Sznurkowski	Patrycja Pancerz	Michał Gola	Lidia Gręda	Patrycja Gil	Mariusz Flejszar	Magda Kowalewicz					Gdy Ziemia miała nas dość
Piórkowski Grzegorz	Zerwany kaganiec	Gotowe	91448	Michał Gola	Anna Dudało		Bożena Kleszcz	Aleksandra Buczyńska	Kaja Jaroszewska		Patrycja Pancerz	Anna Maria Kottas	Anna Twarowska	Magda Kowalewicz	Michał Gola	Alicja Janusz					Gdy Ziemia miała nas dość
Sawicki Andrzej	Dog days	Gotowe	67607	Anna Maria Kottas	Anna Dudało		Katarzyna Kon	Aleksandra Buczyńska	Kaja Jaroszewska	Karolina Deryło	Jakub Moroński	Magda Kowalewicz			Michał Gola	Adam Raglan 					Gdy Ziemia miała nas dość
Truchan Stanisław	Buran	Gotowe	104583	Katarzyna Hajok, Sylwester Gdela	Anna Dudało		Patrycja Kurczewska	Kaja Jaroszewska	Dominika Świątkowska		Anna Twarowska	Aleksandra Krasińska	Michał Gola	Magda Kowalewicz	Anita Brzozowiec						Gdy Ziemia miała nas dość
Zerka Agnieszka	Zielone płuca koszmaru	Gotowe	70816	Alicja Podkalicka	Magdalena Świerczek-Gryboś, Michał Gola		Ewa Paleczna	Paweł Sadowski	Karolina Deryło		Magdalena Rząsa	Magda Kowalewicz			Dawid Wiktorski						Gdy Ziemia miała nas dość
Brzozowski Michał	Robaczywe miasto	Gotowe	43546	Anna Twarowska	Magdalena Świerczek-Gryboś		Maria Bernaciak	Weronika Niedbała	Kaja Jaroszewska	Ewa Paleczna	Joanna Gasińska	Patrycja Pancerz	Malwina Niewielska	Agnieszka Chodkiewicz	Anita Brzozowiec	Magda Kowalewicz					Światła na niebie
Bogusławski Jerzy	Niepodważalny dowód, niezachwiana wiara	Gotowe	37243	Agata Bisiecka	Anna Dudało		Ilona Żurawska	Aleksandra Buczyńska	Paweł Sadowski	Karolina Deryło	Michał Gola	Magda Kowalewicz	Marcelina Kopaczka	Malwina Niewielska		Magda Kowalewicz					Światła na niebie
Wybraniec Anna	Aberracja mrozowiska	Gotowe	35132	Magdalena Świerczek-Gryboś	Anna Dudało		Katarzyna Płońska	Aleksandra Buczyńska	Paweł Sadowski	Ilona Żurawska	Malwina Niewielska	Patrycja Pancerz	Marcelina Kopaczka	Magda Kowalewicz		Magda Kowalewicz					Światła na niebie
Krukowski Łukasz	Doświadczenie umarłego miasta	Gotowe	23918	Magdalena Świerczek-Gryboś	Anna Dudało			Aleksandra Buczyńska	Kaja Jaroszewska	Marysia Truś	Michał Gola	Marcelina Kopaczka	Joanna Gasińska	Patrycja Pancerz	Damian Szandecki	Ilona Żurawska					Światła na niebie
Zarębski Sebastian	Karły stoją na ramionach gigantów	Gotowe	32969	Anna Dudało	Magdalena Świerczek-Gryboś		Paulina Szedler		Paweł Sadowski	Maria Bernaciak	Patrycja Pancerz	Aleksandra Krasińska	Magda Kowalewicz		Dawid Wiktorski	Magda Kowalewicz					Światła na niebie
Rewiuk Jakub	Dokąd odeszli Psiogłowcy?	Gotowe	39705	Damian Szandecki	Anna Dudało		Maciej Sznurkowski	Aleksandra Buczyńska	Kaja Jaroszewska	Ilona Żurawska	Magda Kowalewicz	Patrycja Pancerz	Anna Maria Kottas	Michał Gola	Mariusz Flejszar	Sylwester Gdela					Światła na niebie
Rewiuk Krzysztof	Madonna z UFO. Palimpsest	Gotowe	37059	Krzysztof Matkowski			Paulina Szedler	Aleksandra Buczyńska	Kaja Jaroszewska	Ilona Żurawska	Anna Maria Kottas	Michał Gola	Magda Kowalewicz	Patrycja Pancerz	Sylwester Gdela	Magda Kowalewicz					Światła na niebie
Manuszak Magdalena	Podarunek	Gotowe	41918	Sylwester Gdela			Katarzyna Kon	Kinga Grodzka		Katarzyna Płońska	Anna Twarowska	Marcelina Kopaczka	Eliza Gościniak	Ilona Żurawska	Damian Szandecki	Ilona Żurawska					Światła na niebie
Regel Kamila	Schizma	Gotowe	30913	Magdalena Świerczek-Gryboś		Anna Twarowska, Michał Gola	Ilona Żurawska	Maria Bernaciak	Alicja Podkalicka	Anna Dwojnych	Magdalena Gibiec	Patrycja Pancerz	Agnieszka Chodkiewicz	Magda Kowalewicz	Michał Gola	Sylwester Gdela					Światła na niebie
Skrzydło Dariusz	Czas milczenia i czas mówienia	Gotowe	39020	Anna Skóra, Sylwester Gdela			Bożena Kleszcz	Dominika Szachowicz	Kaja Jaroszewska	Paweł Sadowski	Patrycja Gil	Malwina Niewielska	Patrycja Pancerz	Michał Gola	Sylwester Gdela	Anna Maria Kottas					Światła na niebie
Krzysztof Rewiuk	Al	Gotowe	26749	Agata Bisiecka				Kinga Grodzka	Aleksandra Buczyńska	Kaja Jaroszewska	Weronika Niedbała	Patrycja Pancerz	Anna Maria Kottas	Mariusz Flejszar	Damian Szandecki					Magdalena Świerczek-Gryboś	Zbrodnia doskonała
Alicja Korzewska	Inspicjent Brzeszczot	Gotowe	27337	Anna Dudało				Kinga Grodzka	Ilona Skrzypczak	Paweł Sadowski	Maciej Sznurkowski	Malwina Niewielska	Michał Gola	Aleksandra Krasińska	Anna Twarowska		Anita Brzozowiec			Magdalena Świerczek-Gryboś	Zbrodnia doskonała
Marianna Szygoń	Oko Henrietty	Gotowe	63006	Anna Rozenberg	Karolina Grzeszczak		Joanna Gasińska	Kinga Grodzka	Aleksandra Buczyńska	Maciej Sznurkowski		Damian Lupa	Agnieszka Chodkiewicz	Mateusz Kempa	Ewa Wawrzynkowska		Mariusz Flejszar				Zbrodnia doskonała
Magdalena Kucenty, Magdalena Świerczek-Gryboś	Baran, gwiazda podwójna i morze w cynowej wannie	Gotowe	66505	Agata Bisiecka			Michał Gola	Katarzyna Płońska	Maciej Sznurkowski	Alicja Podkalicka	Marysia Bernaciak	Anna Twarowska	Magdalena Kowalewicz	Patrycja Pancerz	Ilona Skrzypczak		Damian Szandecki			Anna Dudało	Zbrodnia doskonała
Agnieszka Osikowicz-Chwaja	Cmentarz doskonałych	Gotowe	52734	Agata Bisiecka				Aleksandra Buczyńska	Kinga Grodzka	Katarzyna Płońska		Anna Twarowska	Mateusz Kempa	Patrycja Gil	Magdalena Kucenty		Anna Maria Kottas	Patrycja Pancerz	Damian Szandecki		Zbrodnia doskonała
Agnieszka Biskup	Śmierć starszej pani	Gotowe	21476	Alicja Kiełczewska	Dawid Wiktorski			Katarzyna Kon	Kinga Grodzka	Alicja Podkalicka	Aleksandra Buczyńska	Ilona Skrzypczak	Karolina Węglarz	Patrycja Gil	Agnieszka Chodkiewicz		Anna Maria Kottas	Damian Szandecki	Anita Brzozowiec		Zbrodnia doskonała
Wiktor Orłowski	De profundis	Gotowe	116307	Anna Baj				Paweł Sadowski	Marysia Truś	Kaja Jaroszewska	Dominika Świątkowska	Anna Twarowska	Karolina Gębska	Patrycja Pancerz	Damian Szandecki					Anna Dudało	Zbrodnia doskonała
