lp;text_id;antologia;tytul;tagi;gatunek
1;;Gdy Ziemia miała nas dość;Białe mięso, czerwona krew;katastrofa klimatyczna, przetrwanie, zagłada przyrody, samotność, elektrownia jądrowa, Beskidy;fantastyka postapokaliptyczna
2;;Gdy Ziemia miała nas dość;Pieśń dla wieloryba;wieloryby, ocean, katastrofa klimatyczna, wędrówka, poczucie winy, wymieranie gatunków;fantastyka postapokaliptyczna, psychologiczna science fiction
3;;Gdy Ziemia miała nas dość;Zerwany kaganiec;bunt natury, mutanci, sztuczna inteligencja, wojna, inżynieria genetyczna, miłość, zdrada;science fantasy, fantastyka postapokaliptyczna
4;;Gdy Ziemia miała nas dość;Dog days;mutanci, inżynieria genetyczna, katastrofa klimatyczna, cyborgi, przetrwanie, wędrówka, wolność;fantastyka postapokaliptyczna, przygodowa science fiction
5;;Gdy Ziemia miała nas dość;Buran;katastrofa klimatyczna, śledztwo, terroryzm, sekta, jaskinie, spisek, Polska;fantastyka postapokaliptyczna, kryminał
6;;Gdy Ziemia miała nas dość;Zielone płuca koszmaru;bunt natury, pasożyty, las, przetrwanie, epidemia, izolacja, ucieczka;fantastyka postapokaliptyczna, body horror
7;;Światła na niebie;Robaczywe miasto;pasożyty, umysł, eksperymenty, depresja, tożsamość, spisek, epidemia;weird fiction, groza
8;;Światła na niebie;Niepodważalny dowód, niezachwiana wiara;religia, nauka, fanatyzm, pierwszy kontakt, rodzina, eksperymenty, latające miasta;science fantasy
9;;Światła na niebie;Aberracja mrozowiska;rodzeństwo, przemoc domowa, mróz, owady, kosmici, wieś, rodzinna tajemnica;groza, science fiction
10;;Światła na niebie;Doświadczenie umarłego miasta;opuszczone miasto, rytuały, tajemniczy dom, niepewna rzeczywistość, inne wymiary, tożsamość, obce istoty;weird fiction, groza kosmiczna
11;;Światła na niebie;Karły stoją na ramionach gigantów;Kraków, pierwszy kontakt, wirtualna rzeczywistość, pamięć, szpital psychiatryczny, świadomość, trauma;psychologiczna science fiction
12;;Światła na niebie;Dokąd odeszli Psiogłowcy?;kolonizacja kosmosu, pierwszy kontakt, cyborgi, androidy, transhumanizm, sonda kosmiczna, tożsamość;science fiction, cyberpunk
13;;Światła na niebie;Madonna z UFO. Palimpsest;malarstwo, UFO, renesans, religia, miłość, władza, tajemnica z przeszłości;fantastyka historyczna, science fiction
14;;Światła na niebie;Podarunek;śledztwo, telepatia, implanty, korporacje, eksperymenty, obca technologia, nierówności społeczne;science fiction, kryminał
15;;Światła na niebie;Schizma;pierwszy kontakt, religia, szamanizm, konflikt kulturowy, dziecko, władza, kosmici;socjologiczna science fiction
16;;Światła na niebie;Czas milczenia i czas mówienia;religia, eksperymenty, Syberia, UFO, początki życia, cenzura, spisek;science fiction, dystopia
17;;Zbrodnia doskonała;Al;wolna wola, eksperymenty, psychiatria, szczury, manipulacja, zbrodnia, odpowiedzialność;filozoficzna science fiction, thriller psychologiczny
18;;Zbrodnia doskonała;Inspicjent Brzeszczot;wieś, pogrzeb, rytuały, duchy, opętanie, przestępczość, matka i syn;groza ludowa, kryminał
19;;Zbrodnia doskonała;Oko Henrietty;detektyw, podróże astralne, lata trzydzieste, małżeństwo, zazdrość, dusza, demony;fantasy historyczne, kryminał
20;;Zbrodnia doskonała;Baran, gwiazda podwójna i morze w cynowej wannie;Mały Książę, moc opowieści, podróże kosmiczne, zemsta, miłość, metamorfoza, czarny humor;science fantasy, groteska
21;;Zbrodnia doskonała;Cmentarz doskonałych;śledztwo, zaginięcia, sekta, rytuały, nieśmiertelność, las, izolacja;dark fantasy, kryminał
22;;Zbrodnia doskonała;Śmierć starszej pani;koty, spadek, chciwość, rodzina, zbrodnia, starość, zemsta;groza, czarna komedia
23;;Zbrodnia doskonała;De profundis;Watykan, śledztwo, demony, opętanie, religia, trauma, zemsta;urban fantasy, kryminał
24;;Obieżyświaty;Nieznane dzieło;pisarstwo, elfy, portale, starzenie się, samotność, przekład literacki, moc opowieści;urban fantasy, satyra
25;;Obieżyświaty;Rekompensata;naukowcy, eksperymenty, zaginięcie, zemsta, laboratorium, wynalazki, przyjaźń;science fiction, kryminał
26;;Obieżyświaty;Somadewa: Sutra Niebiańskiej Rzeki;moc opowieści, podróże kosmiczne, Indie, tożsamość, pamięć, mitologia, pętla czasowa;filozoficzna science fiction
27;;Obieżyświaty;Nieszczepiony;ojciec i syn, ból, empatia, szczepionki, zwierzęta, dylemat moralny, dzieciństwo;socjologiczna science fiction
28;;Obieżyświaty;Krewniacy elfów;elfy, dusza, muzyka, przemiana, przyroda, industrializacja, tęsknota za domem;fantasy baśniowe
29;;Obieżyświaty;Rozbójnicy;przyjaźń, rozbójnicy, dusza, zaświaty, pogrzeb, odkupienie;baśń, fantastyka religijna
30;;Obieżyświaty;Ciężar wschodzącego słońca;Inkowie, epidemia, szczepionki, dyplomacja, niewolnictwo, rodzina, dworskie intrygi;historia alternatywna
31;;Obieżyświaty;Upadek Babbulkund;legendarne miasto, podróż, bogowie, proroctwo, przemijanie, piękno, zagłada;fantasy mitologiczne
32;;Obieżyświaty;Człowiek, który poznał prawdę;zakazana wiedza, naukowcy, mistycyzm, sens życia, starożytne artefakty, pamięć, obsesja;weird fiction, groza psychologiczna
33;;Obieżyświaty;>RESTART SYSTEMU;cyfrowa świadomość, wirtualna rzeczywistość, muzyka, przetrwanie, poświęcenie, ojciec i córka, tożsamość;cyberpunk, psychologiczna science fiction
34;;Obieżyświaty;W domu pogodnego seniora na końcu świata;nieśmiertelność, starość, czarnoksiężnicy, dom opieki, samotność, codzienność, humor;fantasy humorystyczne
35;;Obieżyświaty;Gość;śmierć, nieszczęśliwa miłość, samotność, restauracja, Londyn, rozmowa;fantastyka filozoficzna
36;;Sępom na pożarcie;Przelatujące wrony zwiastują dobry dzień;zemsta, żałoba, więzienie, utrata dziecka, obsesja, tożsamość, Niemcy;kryminał, thriller psychologiczny
37;;Sępom na pożarcie;Sępom na pożarcie;Namibia, pustynia, kradzież tożsamości, sobowtór, Stasi, przetrwanie, przekład literacki;thriller psychologiczny, kryminał
38;;Sępom na pożarcie;Noc nad Unną;matka i dziecko, uzależnienie, policyjne negocjacje, żałoba, muzyka, wykluczenie społeczne, Niemcy;kryminał, dramat psychologiczny
39;;Sępom na pożarcie;To nie jest bajka dla Bönen;śledztwo, zaginięcie, dziennikarstwo, wspomnienia, tajemnica z przeszłości, monarchia, Niemcy;kryminał
40;;Sępom na pożarcie;Śnieg na Blutkuppe;Namibia, pustynia, poczucie winy, manipulacja, małżeństwo, Boże Narodzenie, tajemnica z przeszłości;kryminał, thriller psychologiczny
41;;Sępom na pożarcie;Bad Feilnbach, po prostu;Bawaria, zbrodnie wojenne, zbiorowa odpowiedzialność, turystyka, hipokryzja, jedzenie, zmowa milczenia;kryminał, czarna komedia
42;;Sępom na pożarcie;Hagen, Równina 2;emigracja, rasizm, solidarność, poczucie winy, sztuka, śledztwo, Niemcy;kryminał, dramat społeczny
43;;Sępom na pożarcie;Magda i Mario;miłość, więzienie, korespondencja, zaufanie, sekrety, szpital, Niemcy;kryminał, thriller psychologiczny
